{"getstarted":{

   "g_started":"Get started",
   "malican":"malican",
   "e_efforless":"Earn Effortlessly",
   "Already_acc":"Already have an account?",
   "s_in":"sign in",
   "exp_awd":"Experience reward",
   "earn_mp":"Earn even more points",


},

"signup":{
    "s_up":"Sign up",
    "email":"Email",
    "e_email":"Enter email",
    "c_code":"country code",
    "s_code":"select code",
    "ph_num":"phone number",
    "e_phnum":"enter phone number",
    "next":"next",
    "title":"title",
    "s_title":"Select title",
    "f_name":"first name",
    "e_fname":"enter first name",
    "sname":"surname",
    "e_sname":"enter surname",
    "nationality":"nationality",
    "s_nationality":"select nationality",
    "dob":"date of birth",
    "pass":"password(8+ character)",
    "e_pass":"enter password",
    "pass_c":"your password must contains",
    "use_char":"use atleast 8 characters",
    "use_num":"use atleast 1 number",
    "use_ul":"use atleast 1 upper case letter",
    "use_ll":"use atleast 1 lower case letter",
    "c_pass":"confirm password",
    "agree_tc":"I agree to the terms & condition and the privacy policy",
    "keep_po":"keep me up to date with promotions and offers",


},

"VERIFICATION EMAIL SENT":{

    "v_esend":"Verification email sent",
    "s_email":"we have just sent and email to",
    "c_signup":"follow the link to complete sign up",
    "v_ssent":"Verification sms sent",
    "v_scsend":"verification sms code sent",
    "s_snum":"we have just send a sms on your number"
},

"ENTER CODE":{

    "e_code":"ENTER CODE",
    "e_csend":"enter the 4 digit code sent to your email address to verify",
    "e_mnum":"Enter 4 digit code that was sent to your mobile number",
    "s_code":"submit code",
    "thanks":"thanks"

},
"signin":{
    "s_in":"Sign in",
    "e_add":"email address",
    "e_eadd":"enter email address",
    "pass":"password",
    "e_pass":"enter password",
    "next":"next",
    "f_pass":"forgot password?",
    "s_up":"sign up",
    "e_invalid":"your email is invalid",
    "p_invalid":"your password is invalid",
    "c_invalid":"credentials invalid",
    "fill_if":"please fill the input field"



},
"forgotpassword":{
    "f_pass":"هل نسيت كلمة المرور",
    "e_eadd":"enter the email address",
    "a_acc":"associated with your account",
    "e_add":"email address",
     "send":"send"

},

"ADD YOUR CARD":{

    "a_ycard":"ADD YOUR CARD",
    "p_acard":"please add your card",
    "c_title":"card title",
    "e_title":"enter title",
    "c_num":"card number",
    "e_cnum":"enter card number",
    "valid":"valid",
    "MM/YY":"MM/YY",
    "c_code":"cvv code",
    "s_card":"save my card",
    "a_card":"add card",
    "logout":"logout"

},
"My Family Group":{
    "my_fg":"My Family Group",
    "t_name":"Title Name",
    "email":"emailaddress@domain.com"

},
"DASHBOARD":{
    "hi":"hi",
    "my_acc":"My account",
    "r_pass":"reset password",
    "noti":"notifications",
    "p_method":"payment methods",
    "r_tutorial":"reset tutorial",
    "t_condition":"terms and conditions",
    "p_policy":"privacy policy",
    "logout":"logout",
    "v 1.1.5":"v 1.1.5"
},
"myaccount":{
    "my_acc":"my account",
    "hi":"hi",
    "a_points":"Available points",
    "35000points":"35000 points",
    "p_exp":"point will expire on 20 Nov 2020",
    "redeem":"redeem",
    "s_reciept":"submit reciept",
    "f_group":"family group",
    "t_history":"transaction history",
    "channel":"channel",
    "aed1000":"AED 1000",
    "1000_predeem":"1000 points redeemed",
    "v_id":"voucher ID 364215698",
    "r_at":"Redeemed at 20 April 2020"


},
"myprofile":{

"my_p":"my profile",
"title":"Title",
"mr.":"Mr.",
"f_name":"first name",
"e_fname":"Enter First Name",
"sname":"surname",
"e_sname":"Enter Surname",
"nationality":"nationality",
"s_nationality":"Select nationality",
"c_code":"country code",
"select":"Select",
"p_num":"phone number",
"e_pnum":"enter phone number",
"dob":"date of birth",
"s_dob":"Select date of birth",
"s_changes":"save changes"



},
"MyFamilyGroup":{

    "my-fg":"    my family group",
    "join_fg":"Invite upto 9 people to join family group",
    "i_member":"Invite member"
    },

    "add new member":{
        "a_nmember":"add new member",
        "a_bypass":"Add a new member into your family by entering their email address",
        "e_Add":"Email address",
        "e_eadd":"enter email address",
        "s_invite":"send invite"
        

    },
    "payments methods":{

      "p_method":"  payment method",
      "name":"Name",
       "e_cnum":"enter card number"

    },
    "Add card details":{
    
        "a_cdetail":"ADD card detail",
        "c_num":"card number",
        "e_cnum":"enter card number",
        "t_oncard":"title on card",
        "e_title":"enter title",
        "expiry":"write expiry",
        "cvv":"cvv",
        "w_cvv":"write cvv",
        "s_card":"save my card",
       "why_type":" Why type when you can scan?",
        "scan_card":"SCAN CARD NOW"
    
    },

    "Notifications":{

       "noti": "notifications",
    "title":"Title",
    "r_Airmile":"Reedem Air miles",
    "u_pmembership":"Upgrade to premium membership",
    "u_membership":"Upgrade membership"

    },

    "TERMS AND CONDITIONS":{
       "t_conditions":"terms and conditions",
       "recital_1":"1.0 RECITAL",
        "recital_2":"2.0 definition"
        

    },
    
    "RESET PASSWORD":{
        "r_pass":"إعادة تعيين كلمة المرور",
        "e_email":"أدخل بريدك الإلكتروني لإعادة تعيين كلمة المرور الخاصة بك.",
        "e_add":"البريد الإلكتروني",
        "e_eadd":"أدخل البريد الالكتروني"
        

    },

    "How long is your reciept?":{

        "how_long":"how long is your reciept?",
"f_select":"First select the normal reciept",
"l_reciept":"or long reciept options.",
"s_again":"don't show again",
"skip":"skip",
"next":"next"

    },
    "change password":{

      "c_pass":"change password",
"o_pass":"old password",
"e_pass":"enter password",
"n_pass":"new password",
"con_pass":"confirm new password",


    },

    "you have submitted":{
       "s_reciept": "you have submitted your reciept",
        "skip":"skip",
        "done":"done"

    },
    "SUBMIT YOUR RECIEPT":{
        "s_reciept": "you have submitted your reciept",
        "p_subreciept":"Check that all information is clear and easy to read and then press 'submit reciept'.",
         "skip":"skip",
         "done":"done"
 
     },


     "SCANNING RECIEPT":{

        "s_recipt":"scanning reciept",
        "home":"home",
        "offer":"offer",
        "a_reciept":"add receipt",
         "reddem":"redeem",
        "profile":"profile"

    
    },

    "scan reciept popup":{
        "thanks":"Thank you"
    },

"Access camera":{
  "a_camera": "access camera",
"m_acamera":"Malican would like to access your phone camera",
"allow":"allow",
"n_allow":"not allowed"
},

"Take picture of your reciept":{

        "t_pic": "التقاط صور إيصالك",
        "r_detail": "تأكد من أن الصورة تتضمن جميع تفاصيل الإيصال. للحصول على الإيصال الطويل ، يمكنك التقاط ما يصل إلى 10 صور متداخلة كما هو موضح",
        "skip": "تخطى",
        "next":"التالى"

},

    "Welcome to malican":{

"w_malican":"welcome to malican",
"Hi":"Hi,",
"a_points":"Available points",
"points":"points",
"p_expire":"points will expire on 20 Nov 2020",
"redeem":"redeem",
"s_umembership":"spend more 2000AED and upgrade to gold membership",
"services":"services",
"v_parking":"valet parking",
"l_access":"lounge access",
"d_care":"day care",
"l_con":"luggage concierege",
"fashion":"fashion",
"t_baker":"Ted Baker",
"f_item":"40 % off on all fashion items",
"expires":"Expires in 7 days",
"h_wellness":"Health and wellness",
"a_services":"40% off on all services"



},
"Welcome to malican popup":{

   "w_malican":"Welcome to malican",

    "s_tutorial":"skip tutorial",
    "gotit":"got it"

},

"offers":{

"offers":"offers",
"all":"All",
"carrefour":"carrefour",
"activated":"activated",
"expires":"Expires in 7 days",
"enjoy":"Enjoy 15% discount in Eat Greek",
"visit":"visit our mall of emirates branch and get 15 % off",
"discount":"discount by presenting us your malican app.",
"starts":"starts 13/02/2020",
"end":"end 23/02/2020",
"home":"home",
"offer":"offer",
"a_reciept":"add receipt",
"redeem":"redeem",
"profile":"profile"},

    
"Discount offer":{
"d_offer":"discount offer",
"expires":"expires in 7 days",
"enjoy":"Enjoy 15% discount in Eat Greek",
"starts":"starts 13/02/2020",
"end":"end 23/02/2020",
"e_greek":"Eat Greek",
"name":"Sheikh Zayed Rd - Dubai",
"home":"home",
"offer":"offer",
"a_reciept":"add receipt",
"redeem":"redeem",
"profile":"profile"

},

"Air mile vouchers":{

"s_airvoucher":" select air miles vouchers",
 "points35000":"35000 points",
 "expiry":"points will expire on 20 Nov 2020",
 "v_list":"voucher list",
 "miles1000":"1000 miles",
 "points1000":"10000 points required to redeem",
 "home":"home",
 "offer":"offer",
 "a_reciept":"add receipt",
 "redeem":"redeem",
 "profile":"profile"
},

"Select shopping voucher":{

"s_sVoucher":"select shopping voucher",
"points35000":"35000 POINTS",
"expiry":"POINTS WILL EXPIRE ON 20 NOV 2020",
"V_list":"Voucher list",
"aed100":"100 AED",
"r_points":"1000 points required to redeem",
"home":"home",
"offer":"offer",
"a_reciept":"add receipt",
"redeem":"redeem",
"profile":"profile",
"points100":"1000 points required to redeem",
"p_channel":"Purchase at any channel outlet and receive a 15% discount",
"r_channel":"Reedemable at all channel outlets.",
"n_valid":"Not valid with any other discounts and promotions.",
"valid":"valid for outlets shopping only.",
"n_cash":"not cash value",
"no":"No. 36512456952182125",
"v_expiry":"Valid until 20 April 2020",
"r_voucher":"Redeem voucher"

},

"THANK YOU FOR REDEEMING POINTS":{

"t_redeem":"thank you  for reedming points",
"t_rprocess":"Thank you for redeeming your voucher. Your request if being process. We will inform you shortly.",
"thanks":"yes thanks"

},

"Reedem your points":{
   "r_points":"redeem your points",
   "Hi":"Hi",
   "a_points":"Available points",
   "points35000":"35000 points",
   "p_expiry":"points will expire on 20 Nov 2020",
   "s_more":"spend more 2000 AED and upgrade to gold membership",
   "vouchers":"Vouchers",
   "r_airmiles":"redeem air miles",
   "shopping":"shopping",
   "home":"home",
   "offer":"offer",
   "a_reciept":"add receipt",
   "redeem":"redeem",
   "profile":"profile"
}





}