{"getstarted":{

    "g_started":"إبدأ",
    "malican":"ماليكان",
    "e_efforless":"اكسب بسهولة",
    "Already_acc":"هل لديك حساب؟",
    "s_in":"تسجيل الدخول",
    "exp_awd":"مكافأة التجربة",
    "earn_mp":"اربح المزيد من النقاط"
 
 
 },
 
 "signup":{
     "s_up":"اشترك",
     "email":"البريد الإلكتروني",
     "e_email":"أدخل البريد الإلكتروني",
     "c_code":"الرقم الدولي",
     "s_code":"حدد الرمز",
     "ph_num":"رقم الهاتف",
     "e_phnum":"أدخل رقم الهاتف",
     "next":"التالى",
     "title":"عنوان",
     "s_title":"حدد العنوان",
     "f_name":"الاسم الاول",
     "e_fname":"أدخل الاسم الأول",
     "sname":"إسم العائلة",
     "e_sname":"أدخل إسم العائلة",
     "nationality":"الجنسية",
     "s_nationality":"حدد الجنسية",
     "dob":"تاريخ الولادة",
     "pass":"كلمة المرور (8 أحرف أو أكثر(",
     "e_pass":"أدخل كلمة المرور",
     "pass_c":"يجب أن تحتوي كلمة المرور الخاصة بك",
     "use_char":"استخدام 8 أحرف على الأقل",
     "use_num":"استخدم رقم واحد على الأقل",
     "use_ul":"استخدام حرف كبير واحد على الأقل",
     "use_ll":"استخدم على الأقل حرف صغير واحد",
     "c_pass":"تأكيد كلمة المرور",
     "agree_tc":"أوافق على الشروط والأحكام وسياسة الخصوصية",
     "keep_po":"ابقني على اطلاع بالعروض الترويجية والعروض الأخرى"
     
 
 },
 
 "verification_email_sent":{

    "v_esend":"تم إرسال رسالة التحقق",
    "s_email":"لقد أرسلنا للتو بريدا إلكترونيا إلى",
    "c_signup":"اتبع الرابط لإكمال الاشتراك",
    "v_ssent":"تم إرسال رسالة التحقق",
    "v_scsend":"تم إرسال رمز التحقق في رسالة نصية قصيرة",
    "s_snum":"لقد أرسلنا للتو رسالة نصية قصيرة على رقم هاتفك"
},

"enter_code":{

    "e_code":"أدخل الرمز",
    "e_csend":"أدخل الرمز المكون من 4 أرقام الذي تم إرساله إلى بريدك الإلكتروني للتحقق",
    "e_mnum":"أدخل الرمز المكون من 4 أرقام الذي تم إرساله إلى رقم هاتفك المحمول",
    "s_code":"أرسل الرمز",
    "thanks":"شكرا"

},

"signin":{
    "s_in":"تسجيل الدخول",
    "e_add":"البريد الإلكتروني",
    "e_eadd":"أدخل البريد الالكتروني",
    "pass":"كلمه السر",
    "e_pass":"أدخل كلمة المرور",
    "next":"التالى",
    "f_pass":"هل نسيت كلمة المرور؟",
    "s_up":"سجل",
    "e_invalid":"بريدك الالكتروني خاطئ",
    "p_invalid":"كلمة السر الخاصة بك غير صالحة",
    "c_invalid":"بيانات الاعتماد غير صالحة",
    "fill_if":"يرجى ملء حقل الإدخال"



},
"forgotpassword":{
    "f_pass":"هل نسيت كلمة المرور",
    "e_eadd":"أدخل البريد الإلكتروني",
    "a_acc":"المرتبط بحسابك",
    "e_add":"البريد الإلكتروني",
     "send":"إرسال"


},

"add_your_card":{

    "a_ycard":"أضف بطاقتك",
    "p_acard":"يرجى إضافة بطاقتك",
    "c_title":"عنوان البطاقة",
    "e_title":"أدخل العنوان",
    "c_num":"رقم البطاقة",
    "e_cnum":"أدخل رقم البطاقة",
    "valid":"صالح",
    "MM/YY":"شهر / سنة",
    "c_code":"رقم الكود الموجود على بطاقات الاتمان",
    "s_card":"حفظ بطاقتي",
    "a_card":"إضافة بطاقة",
    "logout":"تسجيل الخروج"

},
"my_family_group":{
    "my_fg":"مجموعة عائلتي",
    "t_name":"اسم المجموعة",
    "email":"emailaddress@domain.com"

},
"dashboard":{
    "hi":"مرحبا،",
    "my_acc":"حسابي",
    "r_pass":"إعادة تعيين كلمة المرور",
    "noti":"إشعارات",
    "p_method":"طرق الدفع",
    "r_tutorial":"إعادة تعيين البرنامج الإرشادي",
    "t_condition":"الأحكام والشروط",
    "p_policy":"سياسة خاصة",
    "logout":"تسجيل خروج",
    "v 1.1.5":"الإصدار 1.1.5"
},
"myaccount":{
    "my_acc":"حسابي",
    "hi":"مرحبا",
    "a_points":"النقاط المتاحة",
    "35000points":"35000 نقطة",
    "p_exp":"تنتهي صلاحية النقطة في 20 نوفمبر 2020",
    "redeem":"استبدال",
    "s_reciept":"تقديم الإيصال",
    "f_group":"مجموعة العائلة",
    "t_history":"سجل المعاملات",
    "channel":"قناة",
    "aed1000":"1000 درهم",
    "1000_predeem":"تم استبدال 1000 نقطة",
    "v_id":"رقم القسيمة 364215698",
    "r_at":"تم الاسترداد في 20 أبريل 2020"


},
"myprofile":{

"my_p":"ملفي",
"title":"ملفي",
"mr.":"السيد.",
"f_name":"الاسم الاول",
"e_fname":"أدخل الاسم الأول",
"sname":"إسم العائلة",
"e_sname":"أدخل إسم العائلة",
"nationality":"الجنسية",
"s_nationality":"حدد الجنسية",
"c_code":"الرقم الدولي",
"select":"اختيار",
"p_num":"رقم الهاتف",
"e_pnum":"أدخل رقم الهاتف",
"dob":"تاريخ الولادة",
"s_dob":"حدد تاريخ الميلاد",
"s_changes":"حفظ التغييرات"

},
"myfamilygroup":{

    "my-fg":"   مجموعة عائلتي",
    "join_fg":"دعوة ما يصل إلى 9 أشخاص للانضمام إلى مجموعة العائلة",
    "i_member":"دعوة عضو"
    },

    "add_new_member":{
        "a_nmember":"إضافة عضو جديد",
        "a_bypass":"أضف عضوًا جديدًا إلى عائلتك عن طريق إدخال بريده الإلكتروني",
        "e_Add":"عنوان البريد الإلكتروني",
        "e_eadd":"أدخل عنوان البريد الالكتروني",
        "s_invite":"ارسل دعوة"
        

    },
    "payments_methods":{

      "p_method":"  طريقة الدفع او السداد",
      "name":"اسم",
       "e_cnum":"أدخل رقم البطاقة"

    },
    "add_card_details":{
    
        "a_cdetail":"أضف تفاصيل البطاقة",
        "c_num":"رقم البطاقة",
        "e_cnum":"أدخل رقم البطاقة",
        "t_oncard":"اللقب على البطاقة",
        "e_title":"أدخل اللقب",
        "expiry":"انتهاء الصلاحية",
        "cvv":"السيرة الذاتية",
        "w_cvv":"إرسال السيرة الذاتية",
        "s_card":"احفظ البطاقة",
       "why_type":" لماذا تكتب بينما يمكنك المسح ضوئيا؟",
        "scan_card":"المسح الضوئي للبطاقة الآن"


    },
    

    "notifications":{

       "noti": "إشعارات",
    "title":"لقب",
    "r_Airmile":"استبدال الأميال الجوية",
    "u_pmembership":"الترقية إلى عضوية متميزة",
    "u_membership":"ترقية العضوية"

},

"terms_condition":{
   "t_conditions":"الأحكام والشروط",
   "recital_1":"1.0 رسيتال",
    "recital_2":"2.0 تعريف"
},
    
"reset_password":{
    "r_pass":"إعادة تعيين كلمة المرور",
    "e_email":"أدخل بريدك الإلكتروني لإعادة تعيين كلمة المرور الخاصة بك.",
    "e_add":"البريد الإلكتروني",
    "e_eadd":"أدخل البريد الالكتروني"
    

},

    "how_long_is_your_reciept?":{

        "how_long":"ما هي مدة إيصالك؟",
        "f_select":"حدد أولاً الإيصال العادي",
        "l_reciept":"أو خيارات الإيصال الطويل.",
        "s_again":"لا تظهر مرة أخرى",
        "skip":"تخطى",
        "next":"التالى"

    },
    "change_password":{

      "c_pass":"تغيير كلمة السر",
      "o_pass":"كلمة المرور القديمة",
      "e_pass":"أدخل كلمة المرور",
      "n_pass":"كلمة مرور جديدة",
       "con_pass":"تأكيد كلمة المرور الجديدة"


    },

    "you_have_submitted":{
       "s_reciept": "لقد أرسلت إيصالكأرسل إيصالك",
        "skip":"تخطى",
        "done":"إتمام"

    },

    "submit_your_reciept":{
        "s_reciept": "لقد أرسلت إيصالكأرسل إيصالك",
       "p_subreciept":" تحقق من أن جميع المعلومات واضحة وسهلة القراءة ، ثم اضغط على إرسال الايصال",
        "skip":"تخطى",
        "done":"إتمام"

    },


    "scanning_reciept":{

       "s_recipt":"مسح الإيصال ضوئيا",
       "home":"الصفحة الرئيسية",
       "offer":"عرض",
       "a_reciept":"إضافة إيصال",
        "reddem":"استبدال",
       "profile":"الملف الشخصي"

   
   },

   "scan_reciept_popup":{
       "thanks":"شكرا لكم"
   },

   "access_camera":{
     "a_camera": "الوصول إلى الكاميرا",
   "m_acamera":"يرغب ماليكان في الوصول إلى كاميرا هاتفك",
   "allow":"السماح",
   "n_allow":"غير مسموح"
   },

   "take_picture_of_your_reciept":{

    "t_pic": "التقاط صور إيصالك",
    "r_detail": "تأكد من أن الصورة تتضمن جميع تفاصيل الإيصال. للحصول على الإيصال الطويل ، يمكنك التقاط ما يصل إلى 10 صور متداخلة كما هو موضح",
    "skip": "تخطى",
    "next":"التالى"

},

   "welcome_to_malican":{

"w_malican":"مرحبا بكم في ماليكان",
"Hi":"مرحبا،,",
"a_points":"النقاط المتاحة",
"points":"نقاط",
"p_expire":"ستنتهي صلاحية النقاط في 20 نوفمبر 2020",
"redeem":"استبدال",
"s_umembership":"أنفق أكثر من 2000 درهم لتترقي للعضوية الذهبية",
"services":"خدمات",
"v_parking":"خدمة صف السيارات",
"l_access":"الوصول إلى الصالة",
"d_care":"رعاية نهارية",
"l_con":"مكتب الأمتعة",
"fashion":"موضه",
"t_baker":"تيد بيكر",
"f_item":"خصم 40٪ على جميع أغراض الموضة",
"expires":"تنتهي الصلاحية في 7 أيام",
"h_wellness":"الصحة و العافية",
"a_services":"خصم 40٪ على جميع الخدمات"



},
"welcome_to malican_popup":{

   "w_malican":"مرحبًا بكم في ماليكان",

    "s_tutorial":"تخطى البرنامج الإرشادي",
    "gotit":"فهمت"

},

"offers":{

    "offers":"عروض",
    "all":"الكل",
    "carrefour":"كارفور",
    "activated":"مفعل",
    "expires":"تنتهي الصلاحية في 7 أيام",
    "enjoy":"استمتع بخصم 15٪ في Eat Greek",
    "visit":"قم بزيارة فرعنا في مول الإمارات واحصل على خصم 15٪",
    "discount":"خصم من خلال تقديم لنا التطبيق المالي.",
    "starts":"يبدأ 13/02/2020",
    "end":"نهاية 23/02/2020",
    "home":"الصفحة الرئيسية",
    "offer":"عرض",
    "a_reciept":"إضافة إيصال",
    "redeem":"استبدال",
    "profile":"الملف الشخصي"

},
"discount_offer":{
"d_offer":"عرض الخصم",
"expires":"تنتهي الصلاحية في 7 أيام",
"enjoy":"استمتع بخصم 15٪ في Eat Greek",
"starts":"يبدأ 13/02/2020",
"end":"نهاية 23/02/2020",
"e_greek":"Eat Greek",
"name":"شارع الشيخ زايد - دبي",
"home":"الصفحة الرئيسية",
"offer":"عرض",
"a_reciept":"إضافة إيصال",
"redeem":"استبدال",
"profile":"الملف الشخصي"

},

"air_mile_vouchers":{

   "s_airvoucher":" حدد قسائم الأميال الجوية",
"points35000":"35000 نقطة",
"expiry":"ستنتهي صلاحية النقاط في 20 نوفمبر 2020",
"v_list":"قائمة القسائم",
"miles1000":"1000 ميل",
"points1000":"10000 نقطة مطلوبة للاستبدال",
"home":"الصفحة الرئيسية",
"offer":"عرض",
"a_reciept":"إضافة إيصال",
"redeem":"استبدال",
"profile":"الملف الشخصي"
},

"select_shopping_voucher":{

"s_sVoucher":"حدد قسيمة التسوق",
"points35000":"35000 نقطة",
"expiry":"ستنتهي النقاط في 20 نوفمبر 2020",
"V_list":"قائمة القسائم",
"aed100":"100 درهم",
"r_points":"مطلوب 1000 نقطة للاستبدال",
"home":"الصفحة الرئيسية",
"offer":"عرض",
"a_reciept":"إضافة إيصال",
"redeem":"استبدال",
"profile":"الملف الشخصي",
"points100":"مطلوب 1000 نقطة للاستبدال",
"p_channel":"اشتري من أي منفذ واحصل على خصم 15٪",
"r_channel":"قابل للاستبدال في جميع منافذ البيع.",
"n_valid":"غير صالح مع أي خصومات وعروض ترويجية أخرى.",
"valid":"صالح للتسوق فقط.",
"n_cash":"ليست قيمة نقدية",
"no":"رقم 36512456952182125",
"v_expiry":"ساري حتى 20 أبريل 2020",
"r_voucher":"استبدل القسيمة"

},

"thanks_for_redeeming_points":{

"t_redeem":"شكرا لك على استبدال نقاطك",
"t_rprocess":"شكرا لك على استبدال قسيمتك. طلبك قيد المعالجة. سنبلغك قريبا.",
"thanks":"نعم شكرا"

},

"reedem_your_points":{
   "r_points":"استبدل نقاطك",
   "Hi":"مرحبا",
   "a_points":"النقاط المتاحة",
   "points35000":"35000 نقطة",
   "p_expiry":"ستنتهي صلاحية النقاط في 20 نوفمبر 2020",
   "s_more":"أنفق أكثر من 2000 درهم للترقية إلى العضوية الذهبية",
   "vouchers":"قسائم",
   "r_airmiles":"استبدال الأميال الجوية",
   "shopping":"التسوق",
   "home":"الصفحة الرئيسية",
   "offer":"عرض",
   "a_reciept":"إضافة إيصال",
   "redeem":"استبدال",
   "profile":"الملف الشخصي"

}


   








 
 
 }