{"slider":{
    "f_heading":"مقاسات مظبوطة",
    "s_heading":"صمم ملابسك كيفما شئت",
    "sb_heading":"أنت تصمم، ونحن نصنع",
    "t_heading":"ابرز ذوقك في الملابس",
    "f_para":"أنت مميز، وتستحق خدمة مميزة، شكرًا لاختيارك تصميماتنا .المبدعة ودقتنا الفريدة",
    "s_para":"صمم ملابسك أونلاين، كل الملابس تصمم خصيصًا لك بحب ومن مكان قريب منك، تخيل ما تستطيع عمله! ابدأ الآن!",
    "t_para":"هل تشعر إنك لم تعد تملك حس أنيق بالملابس؟ اكتشف كيف نستطيع أن نساعدك على أن تجده مجددًا لكي تصمم ما يليق بك، لأنه واجبنا أن نساعدك في ذلك"
},


"s_up":"سجل معنا",
"lang":"English",
"l_in":"تسجيل الدخول",

"login_p":{
"h":"استمر",
"forget":"هل نسيت كلمة السر؟",
"swap_txt":"امسح لأعلى للدخول بحساباتك على مواقع التواصل الاجتماعي",
"acc":"ادخل بحساباتك على مواقع التواصل الاجتماعي",
"fb":"ادخل بفيسبوك",
"ggl":"ادخل بجوجل"

},

"fields": {
    "e_num":"البريد الإلكتروني/رقم التليفون",
    "pass":"كلمة السر",
    "name":"الاسم الكامل",
    "email":"البريد الإلكتروني",
    "num":"رقم الهاتف المحمول",
    "add":"العنوان",
    "re_pass":"أعد إدخال كلمة السر"
},


"ready":"مستعد",
"ready_d":"من فضلك اختر التصميم من متجرنا",
"product_d":"وصف المنتج",
"d_hour":"أوقات التوصيل",
"continue":"استمرار",
"accept":"اقبل",
"decline":"ارفض",
"meas":"القياسات",
"meas_d":"من فضلك اعد تأكيد قياساتك",
"pay_s": "ملخص الحساب",
"total":"الإجمالي",
"vat":"ضريبة القيمة المضافة",
"cash":"ادفع نقدًا",
"card": "ادفع بالبطاقة",
"pay_f":"باي فورت",
"e_text":"بريدك الإلكتروني",
"e_desc":"سنرسل الفاتورة وملخص الزيارة لهذا البريد الإكتروني",
"e_plac":"اكتب بريدك الإلكتروني هنا",
"confirm": "اكد",
"sar":"ر.س",
"dilevered":   "يرسل إلى:",
"add_c":"هل ترغب في تأكيد العنوان؟",
"congrats": "مبروك!",
"msg":"رسالة",
"msg_p":"اكتب رسالتك هنا",
"b_dash":"عودة إلى القائمة",
"o_msg":"تم تأكيد الطلب، وسيرسل ثوبك مباشرة إلى عنوانك",
"o_msg2":"تم استلام الطلب وسيتم التواصل معك لتأكيد الموعد",
"req_t":"اطلب خياط",
"req_t_sb":"الخياط سيأتي مباشرة لمنزلك",
"req_t_d":"من فضلك اختر ميعاد وزمن زيارة الخياط",
"c_loc": "اكد العنوان",
"s_loc":"ابحث عن العنوان",
"r_loc":"أخر عنوان",
"n_loc": "أقرب مكان",
"search":"بحث",
"r_popup":"هل تود تأكيد الموعد",
"cho_f":  "اختيار القماش",
"cho_f_sb":"الرجاء اختيار القماش المفضل",
"febric": "قماش",
"del": "امسح",
"m_od":"طلب متعدد",
"m_od_sb":"من فضلك راجع الطلب",
"pre_od":"طلبات سابقة",
"pre_od_sb": "تفاصيل طلبات سابقة",
"l_login":"أخر دخول:",
"noti":"إخطارات",
"prof":"حسابك",
"ch_mob":"غير رقم هاتفك",
"pers":"الشخصي",
"ch_add":  "غير عنوانك",
"sec": "الأمان",
"ch_pass":"غير كلمة السر",
"ch_em":  "غير البريد الإلكتروني",
"lan_set": "إعدادات اللغة",
"ter_ser":"شروط الخدمة",
"about":  "من نحن",
"new_noti":"إخطارات جديدة",
"rec_noti": "إخطارات قديمة",
"ch_your":"تغيير",
"save_mea_des": "هل تريد حفظ هذه المقاسات باسم معين للرجوع إليه لاحقا؟",
"save_mea": "حفظ المقاسات",
"select": "اختر",
"save": "احفظ القياسات",
"update":"حدّث",
"one_step": "باقي خطوة واحدة فقط",
"4digit":"تم إرسال رمز المرور المكون من أربع خانات إلى جوال",
"edit":"رقم",
"resend":"أعد إرسال الكود",
"submit":"ارسل",
"fea_pro": "منتجات مميزة",
"new_pro":"منتجات جديدة",
"ver_num": "تحقق من رقم هاتفك المحمول",
"ver_btn":"حسنًا!",
"help_cen": "مركز المساعدة",
"send":  "إرسال",
"checkout": "الدفع",
"products":"منتجات",
"res_req": "إعادة جدولة الطلب",
"ithobe_tai": "خياط iThobe",
"res_pas":"إعادة تعيين كلمة المرور",
"cart_alt": "يضاف هذا المنتج إلى عربة التسوق",
"featured":"متميز",
"stc_qty": "كمية المخزون",
"sku": "SKU",
"ship":  "شحنة",
"add_Cart":"أضف إلى السلة",
"just_for_u":"لك خصيصًا",
"discover" :"اكتشف" ,
"view_all" :  "أظهر الكل" ,
"converse" : "تحدث" ,
"cotton_rd" :"ثوب مصنوع من القطن مع تطريز بنفسجي اللون...",
"fav" :"التفضيلات",
"re_od" : "اطلب مجددًا" ,
"home" : "الصفحة الرئيسية" ,
"my_meas" : "قياساتي" ,
"my_acc" : "الحساب" ,
"about_ithobe" :"عن iThobe" ,
"term_cond" :"الشروط والأحكام" ,
"faq" :   "الأسئلة المكررة" ,
"c_us" :"اتصل بنا" ,
"log_out" :"سجل خروجك" ,
"ques_for" :"لديك سؤال ل" ,
"fill_for_qry" :"املأ النموذج وأرسل لنا استفسارك أو" ,
"call_us" :"اتصل بنا" ,
"you" :"أنت" ,
"admin" : "مشرف" ,
"size" :"بحجم" ,
"morning" : "صباح" ,
"evening" : "مساء" ,
"track_your_od" : "أتبع طلبك" ,
"repair_exch" : "إصلاح ، وتبادل ، والعودة السياسة" ,
"q1" :"س: هل يمكنني أن أفعل ثوبي مخصص من تطبيقiThobe؟" ,
"q2" :  "س: كيف أحصل على حجم الثوب الخاص بي؟" ,
"neck" :"الرقبة" ,
"shoulder" : "الكتف" ,
"chest" :"الصدر" ,
"waist" :"الخصر" ,
"hips" :"الفخذ" ,
"sleeves_len" : "الأكمام طول" ,
"arm_hole" :"الذراع  قٌطر" ,
"biceps" :"الذراع  عضلة" ,
"req" :"طلب" ,
"thobes" :"الأخيرة" ,
"a_tailor" :"خياط" ,
"orders" :"طلب",
"near" :"قريب" 





}