{"slider":{
    "f_heading":"first_heading",
    "sb_heading":"sub_heading",
    "s_heading":"second_heading",
    "t_heading":"thrid_heading",
    "f_para":"first_para",
    "s_para":"second_para",
    "t_para":"third_para"
},

    "s_up":"signup",
    "lang":"English",
    "l_in":"login",

"login_p":{
    "h":"heading",
    "forget":"forget",
    "swap_txt":"swap_text",
    "account":"account",
    "fb":"facebook",
    "ggl":"google"

},

"fields": {
    "e_num":"enter_number",
    "pass":"password",
    "name":"name",
    "email":"email",
    "num":"number",
    "add":"address",
    "re_pass":"repassword"
},

"signup_p": {
    "swap_t":"swap_text",
    "account":"account",
    "fb":"facebook",
    "ggl":"google"
},

"ready":"ready",
"ready_d":"ready_description",
"product_d":"prod_desc",
"d_hour":"deli_hour",
"continue":"continue",
"accept":"accept",
"decline":"decline",
"meas":"measurements",
"meas_d":"meas_desc",
"pay_s": "pay_sum",
"total":"total",
"vat":"vat",
"cash":"cash",
"card": "card",
"pay_f":"payfort",
"e_text":"email_text",
"e_desc":"email_desc",
"e_plac":"email_plac",
"confirm": "confirm",
"sar":"sar",
"dilevered":   "dilevered",
"add_c":"add_con",
"congrats": "congratulation",
"msg":"message",
"msg_p":"msg_plac",
"b_dash":"back_dash",
"o_msg":"order_msg",
"o_msg2":"order_msg2",
"req_t":"req_tailor",
"req_t_sb":"req_tailor_sub",
"req_t_d":"req_tailor_date",
"c_loc": "con_loca",
"s_loc":"sea_loc",
"r_loc":"rec_loc",
"n_loc": "nea_loc",
"search":"search",
"r_popup":"req_popup",
"cho_f":  "cho_feb",
"cho_f_sb":"cho_feb_sub",
"febric": "febric",
"del": "delete",
"m_od":"mul_ord",
"m_od_sb":"mul_ord_sub",
"pre_od":"pre_ord",
"pre_od_sb": "pre_ord_sub",
"l_login":"last_login",
"noti":"notifications",
"prof":"profile",
"ch_mob":"ch_mobiel",
"pers":"personal",
"ch_add":  "ch_add",
"sec": "sec",
"ch_pass":"ch_pass",
"ch_em":  "ch_em",
"lan_set": "lan_set",
"ter_ser":"ter_ser",
"about":  "about",
"new_noti":"new_noti",
"rec_noti": "rec_noti",
"ch_your":"change_your",
"save_mea_des": "save_mea_des",
"save_mea": "save_mea",
"select": "select",
"save": "save",
"update":"update",
"one_step": "one_step",
"4digit":"4digit",
"edit":"edit",
"resend":"resend",
"submit":"submit",
"fea_pro": "fea_pro",
"new_pro":"new_pro",
"ver_num": "ver_num",
"ver_btn":"ver_btn",
"help_cen": "help_cen",
"send":  "send",
"checkout": "checkout",
"products":"products",
"res_req": "res_req",
"ithobe_tai": "ithobe_tai",
"res_pas":"res_pas",
"cart_alt": "cart_alt",
"featured":"featured",
"stc_qty": "stc_qty",
"sku": "sku",
"ship":  "ship",
"add_Cart":"add_Cart",
"just_for_u":"just_for_you",
"discover" :"discover" ,
"view_all" :  "view_all" ,
"converse" : "converse" ,
"cotton_rd" :"cotton_ready",
"fav" :"favorites",
"re_od" : "re_order" ,
"home" : "home" ,
"my_meas" : "my_measaurements" ,
"my_acc" : "my_account" ,
"about_ithobe" :"about_ithobe" ,
"term_cond" :"term_cond" ,
"faq" :   "faq" ,
"c_us" :"contact_us" ,
"log_out" :"log_out" ,
"ques_for" :"question_for" ,
"fill_for_qry" :"fill_for_query" ,
"call_us" :"call_us" ,
"you" :"you" ,
"admin" : "admin" ,
"size" :"size" ,
"morning" : "morning" ,
"evening" : "evening" ,
"track_your_od" : "track_your_order" ,
"repair_exch" : "repair_exchange" ,
"q1" :"q1" ,
"q2" :  "q2" ,
"neck" :"neck" ,
"shoulder" : "shoulder" ,
"chest" :"chest" ,
"waist" :"waist" ,
"hips" :"hips" ,
"sleeves_len" : "sleeves_lenght" ,
"arm_hole" :"arm_hole" ,
"biceps" :"biceps" ,
"req" :"request" ,
"thobes" :"thobes" ,
"a_tailor" :"a_tailor" ,
"orders" :"orders",
"near" :"near" 
}